{"cameraMode":{"drawMode":0,"name":"Shaded","section":"Shading Mode"},"sceneLighting":false,"audioPlay":false,"sceneViewState":{"showFog":true,"showMaterialUpdate":false,"showSkybox":true,"showFlares":true,"showImageEffects":true,"showParticleSystems":true},"in2DMode":false,"pivot":{"x":2.375006675720215,"y":2.736490249633789,"z":1.5967891216278077},"rotation":{"x":0.04499625042080879,"y":0.8553218841552734,"z":-0.0753907859325409,"w":0.5106536746025086},"size":3.8956716060638429,"orthographic":false}