{"cameraMode":{"drawMode":0,"name":"Shaded","section":"Shading Mode"},"sceneLighting":false,"audioPlay":false,"sceneViewState":{"showFog":true,"showMaterialUpdate":false,"showSkybox":false,"showFlares":true,"showImageEffects":true,"showParticleSystems":true},"in2DMode":false,"pivot":{"x":1.0352171659469605,"y":1.0752462148666382,"z":-1.1375874280929566},"rotation":{"x":-0.04065665975213051,"y":0.9518986344337463,"z":-0.2668401598930359,"w":-0.14503316581249238},"size":1.0677077770233155,"orthographic":false}