{"cameraMode":{"drawMode":0,"name":"Shaded","section":"Shading Mode"},"sceneLighting":false,"audioPlay":false,"sceneViewState":{"showFog":true,"showMaterialUpdate":false,"showSkybox":true,"showFlares":true,"showImageEffects":true,"showParticleSystems":true},"in2DMode":false,"pivot":{"x":5.093780517578125,"y":1.9928879737854005,"z":3.3291282653808595},"rotation":{"x":0.10193116217851639,"y":-0.8876890540122986,"z":0.23738975822925569,"w":0.3811728358268738},"size":0.9318673014640808,"orthographic":false}